drug_name	score
drugbank.DB12010	0.5236363636363637
drugbank.DB01268	0.5142857142857142
drugbank.DB06595	0.5133689839572193
drugbank.DB06616	0.5124555160142349
drugbank.DB09079	0.5106382978723404
drugbank.DB09130	0.5061511423550088
drugbank.DB08865	0.49569707401032703
drugbank.DB14487	0.4948453608247423
drugbank.DB01593	0.4948453608247423
drugbank.DB14533	0.4948453608247423
drugbank.DB11828	0.49230769230769234
drugbank.DB08877	0.49230769230769234
drugbank.DB01254	0.48080133555926546
drugbank.DB00398	0.48080133555926546
drugbank.DB06626	0.47920133111480867
drugbank.DB05294	0.4768211920529801
drugbank.DB00619	0.4768211920529801
drugbank.DB00530	0.4744645799011532
drugbank.DB06589	0.47058823529411764
drugbank.DB00317	0.46677471636953
drugbank.DB00675	0.46677471636953
drugbank.DB00756	0.46526655896607433
drugbank.DB01110	0.463768115942029
drugbank.DB09063	0.4630225080385852
drugbank.DB06803	0.46153846153846156
drugbank.DB02709	0.46153846153846156
drugbank.DB00637	0.46153846153846156
drugbank.DB00477	0.4608
drugbank.DB00257	0.46006389776357826
drugbank.DB08916	0.4585987261146497
drugbank.DB01136	0.45714285714285713
drugbank.DB04868	0.45714285714285713
drugbank.DB00515	0.45714285714285713
drugbank.DB01248	0.45569620253164556
drugbank.DB00988	0.4528301886792453
drugbank.DB00841	0.4521193092621664
drugbank.DB01127	0.4507042253521127
drugbank.DB00342	0.4507042253521127
drugbank.DB00471	0.45
drugbank.DB00882	0.44929797191887677
drugbank.DB08895	0.447900466562986
drugbank.DB00623	0.447900466562986
drugbank.DB00220	0.44651162790697674
drugbank.DB01259	0.44651162790697674
drugbank.DB09053	0.4458204334365325
drugbank.DB01229	0.44513137557959814
drugbank.DB00481	0.44513137557959814
drugbank.DB08896	0.4437596302003082
drugbank.DB04813	0.4430769230769231
drugbank.DB00255	0.4430769230769231
drugbank.DB01204	0.4430769230769231
drugbank.DB00679	0.4430769230769231
drugbank.DB00626	0.44171779141104295
drugbank.DB11742	0.44104134762633995
drugbank.DB00406	0.44104134762633995
drugbank.DB00945	0.4396946564885496
drugbank.DB01118	0.43902439024390244
drugbank.DB09115	0.4383561643835616
drugbank.DB00783	0.4383561643835616
drugbank.DB00549	0.4376899696048632
drugbank.DB09241	0.4357034795763994
drugbank.DB12267	0.4343891402714932
drugbank.DB00834	0.43373493975903615
drugbank.DB00997	0.43243243243243246
drugbank.DB01074	0.43243243243243246
drugbank.DB01169	0.43243243243243246
drugbank.DB10772	0.43243243243243246
drugbank.DB14518	0.431784107946027
drugbank.DB14517	0.431784107946027
drugbank.DB01370	0.431784107946027
drugbank.DB00640	0.4304932735426009
drugbank.DB00696	0.4304932735426009
drugbank.DB00836	0.4298507462686567
drugbank.DB00968	0.4298507462686567
drugbank.DB00803	0.42921013412816694
drugbank.DB00995	0.42921013412816694
drugbank.DB09129	0.42921013412816694
drugbank.DB00852	0.42857142857142855
drugbank.DB08901	0.42857142857142855
drugbank.DB06151	0.42857142857142855
drugbank.DB00072	0.42857142857142855
drugbank.DB09276	0.4279346210995542
drugbank.DB00188	0.4279346210995542
drugbank.DB09372	0.42729970326409494
drugbank.DB01064	0.4266666666666667
drugbank.DB00002	0.4266666666666667
drugbank.DB01406	0.4260355029585799
drugbank.DB14481	0.4254062038404727
drugbank.DB09078	0.4254062038404727
drugbank.DB11348	0.4254062038404727
drugbank.DB11093	0.4254062038404727
drugbank.DB00983	0.4247787610619469
drugbank.DB00502	0.4247787610619469
drugbank.DB01179	0.42415316642120765
drugbank.DB00746	0.42415316642120765
drugbank.DB00795	0.4235294117647059
drugbank.DB04272	0.42290748898678415
drugbank.DB09330	0.4216691068814056
drugbank.DB00157	0.4216691068814056
drugbank.DB00831	0.42105263157894735
drugbank.DB00570	0.42105263157894735
drugbank.DB01087	0.4198250728862974
drugbank.DB01708	0.4198250728862974
drugbank.DB00201	0.4192139737991266
drugbank.DB00281	0.4192139737991266
drugbank.DB05773	0.41799709724238027
drugbank.DB08871	0.4161849710982659
drugbank.DB01373	0.4161849710982659
drugbank.DB09559	0.414985590778098
drugbank.DB11963	0.414985590778098
drugbank.DB04209	0.414985590778098
drugbank.DB01269	0.414985590778098
drugbank.DB13961	0.414985590778098
drugbank.DB09151	0.4143884892086331
drugbank.DB01041	0.4143884892086331
drugbank.DB04815	0.4143884892086331
drugbank.DB06782	0.4143884892086331
drugbank.DB09149	0.4143884892086331
drugbank.DB09148	0.4143884892086331
drugbank.DB11125	0.4143884892086331
drugbank.DB00939	0.41379310344827586
drugbank.DB00643	0.41379310344827586
drugbank.DB00396	0.41379310344827586
drugbank.DB00977	0.4131994261119082
drugbank.DB01167	0.4131994261119082
drugbank.DB08912	0.4131994261119082
drugbank.DB00244	0.4131994261119082
drugbank.DB10770	0.41260744985673353
drugbank.DB00433	0.41260744985673353
drugbank.DB01050	0.41201716738197425
drugbank.DB00025	0.41201716738197425
drugbank.DB13998	0.41201716738197425
drugbank.DB13999	0.41201716738197425
drugbank.DB13751	0.41201716738197425
drugbank.DB08862	0.4114285714285714
drugbank.DB00211	0.4114285714285714
drugbank.DB00233	0.4114285714285714
drugbank.DB06820	0.4114285714285714
drugbank.DB00071	0.4108416547788873
drugbank.DB00179	0.41025641025641024
drugbank.DB00615	0.41025641025641024
drugbank.DB00482	0.41025641025641024
drugbank.DB11967	0.4096728307254623
drugbank.DB00716	0.4096728307254623
drugbank.DB01196	0.4090909090909091
drugbank.DB00152	0.4085106382978723
drugbank.DB00624	0.4085106382978723
drugbank.DB00540	0.4085106382978723
drugbank.DB09213	0.40793201133144474
drugbank.DB00927	0.40793201133144474
drugbank.DB00603	0.40793201133144474
drugbank.DB00717	0.40793201133144474
drugbank.DB00970	0.4073550212164074
drugbank.DB01185	0.4073550212164074
drugbank.DB00251	0.4067796610169492
drugbank.DB00648	0.4067796610169492
drugbank.DB09389	0.40620592383638926
drugbank.DB08881	0.40620592383638926
drugbank.DB00361	0.4056338028169014
drugbank.DB00541	0.4056338028169014
drugbank.DB05013	0.4050632911392405
drugbank.DB11619	0.4044943820224719
drugbank.DB01065	0.4044943820224719
drugbank.DB06710	0.4044943820224719
drugbank.DB00755	0.40392706872370265
drugbank.DB05109	0.40336134453781514
drugbank.DB06772	0.40336134453781514
drugbank.DB00027	0.40336134453781514
drugbank.DB01023	0.4027972027972028
drugbank.DB00328	0.4027972027972028
drugbank.DB00030	0.4027972027972028
drugbank.DB00655	0.4027972027972028
drugbank.DB14002	0.4022346368715084
drugbank.DB14001	0.4022346368715084
drugbank.DB00163	0.4022346368715084
drugbank.DB09031	0.4022346368715084
drugbank.DB00448	0.4022346368715084
drugbank.DB00864	0.401673640167364
drugbank.DB11641	0.401673640167364
drugbank.DB01115	0.401673640167364
drugbank.DB04845	0.401673640167364
drugbank.DB08870	0.401673640167364
drugbank.DB00061	0.401673640167364
drugbank.DB00434	0.401673640167364
drugbank.DB04573	0.40055632823365783
drugbank.DB11703	0.40055632823365783
drugbank.DB00982	0.40055632823365783
drugbank.DB00190	0.40055632823365783
drugbank.DB06718	0.40055632823365783
drugbank.DB01394	0.40055632823365783
drugbank.DB03166	0.4
drugbank.DB01069	0.4
drugbank.DB00313	0.4
drugbank.DB00668	0.4
drugbank.DB00720	0.4
drugbank.DB00363	0.4
drugbank.DB11817	0.39944521497919555
drugbank.DB00948	0.39944521497919555
drugbank.DB06176	0.39944521497919555
drugbank.DB09070	0.39944521497919555
drugbank.DB02546	0.3988919667590028
drugbank.DB00877	0.3983402489626556
drugbank.DB01017	0.3983402489626556
drugbank.DB01183	0.3983402489626556
drugbank.DB01100	0.3983402489626556
drugbank.DB00266	0.3983402489626556
drugbank.DB09086	0.3983402489626556
drugbank.DB00898	0.39779005524861877
drugbank.DB01025	0.3972413793103448
drugbank.DB01244	0.3972413793103448
drugbank.DB11590	0.39669421487603307
drugbank.DB09371	0.39669421487603307
drugbank.DB08908	0.39669421487603307
drugbank.DB01428	0.39669421487603307
drugbank.DB00227	0.39669421487603307
drugbank.DB00334	0.39669421487603307
drugbank.DB00367	0.39669421487603307
drugbank.DB11219	0.39669421487603307
drugbank.DB08814	0.39614855570839064
drugbank.DB00734	0.39614855570839064
drugbank.DB06412	0.3956043956043956
drugbank.DB00128	0.3956043956043956
drugbank.DB01238	0.3956043956043956
drugbank.DB13946	0.3956043956043956
drugbank.DB13943	0.3956043956043956
drugbank.DB13944	0.3956043956043956
drugbank.DB00514	0.3956043956043956
drugbank.DB00925	0.3950617283950617
drugbank.DB05015	0.3950617283950617
drugbank.DB06603	0.3950617283950617
drugbank.DB01221	0.3950617283950617
drugbank.DB09054	0.3950617283950617
drugbank.DB00957	0.39452054794520547
drugbank.DB00246	0.39452054794520547
drugbank.DB00005	0.39452054794520547
drugbank.DB11064	0.39452054794520547
drugbank.DB00431	0.39452054794520547
drugbank.DB06736	0.39398084815321477
drugbank.DB01224	0.39398084815321477
drugbank.DB01392	0.39398084815321477
drugbank.DB00445	0.39398084815321477
drugbank.DB02266	0.39344262295081966
drugbank.DB06144	0.39290586630286495
drugbank.DB05676	0.3923705722070845
drugbank.DB01182	0.3923705722070845
drugbank.DB01267	0.3923705722070845
drugbank.DB11823	0.39183673469387753
drugbank.DB09225	0.39183673469387753
drugbank.DB01151	0.39183673469387753
drugbank.DB00102	0.39183673469387753
drugbank.DB01407	0.391304347826087
drugbank.DB13956	0.391304347826087
drugbank.DB13954	0.391304347826087
drugbank.DB13955	0.391304347826087
drugbank.DB13952	0.391304347826087
drugbank.DB13953	0.391304347826087
drugbank.DB01076	0.39077340569877883
drugbank.DB11994	0.39077340569877883
drugbank.DB04841	0.39077340569877883
drugbank.DB06216	0.39077340569877883
drugbank.DB00589	0.39077340569877883
drugbank.DB01200	0.3902439024390244
drugbank.DB00850	0.38971583220568334
drugbank.DB03147	0.38971583220568334
drugbank.DB01184	0.38971583220568334
drugbank.DB00312	0.38971583220568334
drugbank.DB01296	0.38971583220568334
drugbank.DB09128	0.38971583220568334
drugbank.DB01049	0.3891891891891892
drugbank.DB00247	0.3891891891891892
drugbank.DB13345	0.3891891891891892
drugbank.DB01277	0.38866396761133604
drugbank.DB00356	0.38866396761133604
drugbank.DB08604	0.3881401617250674
drugbank.DB01173	0.3881401617250674
drugbank.DB00622	0.3881401617250674
drugbank.DB02325	0.3876177658142665
drugbank.DB04824	0.3876177658142665
drugbank.DB14509	0.3876177658142665
drugbank.DB14507	0.3876177658142665
drugbank.DB03904	0.3876177658142665
drugbank.DB00608	0.3876177658142665
drugbank.DB00418	0.3876177658142665
drugbank.DB11120	0.3876177658142665
drugbank.DB00947	0.3870967741935484
drugbank.DB00726	0.3870967741935484
drugbank.DB01159	0.3865771812080537
drugbank.DB04825	0.3865771812080537
drugbank.DB00144	0.3865771812080537
drugbank.DB01174	0.38605898123324395
drugbank.DB04224	0.38605898123324395
drugbank.DB00248	0.38605898123324395
drugbank.DB06202	0.3855421686746988
drugbank.DB00539	0.3855421686746988
drugbank.DB11626	0.3850267379679144
drugbank.DB01108	0.3850267379679144
drugbank.DB04842	0.3850267379679144
drugbank.DB06769	0.3850267379679144
drugbank.DB01357	0.3850267379679144
drugbank.DB00586	0.38451268357810414
drugbank.DB00458	0.38451268357810414
drugbank.DB04574	0.384
drugbank.DB09535	0.384
drugbank.DB06401	0.384
drugbank.DB06249	0.384
drugbank.DB14751	0.384
drugbank.DB00286	0.384
drugbank.DB04930	0.38348868175765644
drugbank.DB08888	0.38348868175765644
drugbank.DB00294	0.38348868175765644
drugbank.DB00304	0.38348868175765644
drugbank.DB09092	0.38348868175765644
drugbank.DB00351	0.38348868175765644
drugbank.DB00890	0.3829787234042553
drugbank.DB00289	0.3829787234042553
drugbank.DB09061	0.3829787234042553
drugbank.DB00480	0.3829787234042553
drugbank.DB12965	0.3819628647214854
drugbank.DB00182	0.3819628647214854
drugbank.DB00823	0.38145695364238413
drugbank.DB06366	0.38145695364238413
drugbank.DB00753	0.38145695364238413
drugbank.DB04575	0.38095238095238093
drugbank.DB09564	0.38095238095238093
drugbank.DB09369	0.38095238095238093
drugbank.DB09318	0.38095238095238093
drugbank.DB09317	0.38095238095238093
drugbank.DB04938	0.38095238095238093
drugbank.DB00170	0.38095238095238093
drugbank.DB00047	0.38095238095238093
drugbank.DB00046	0.38095238095238093
drugbank.DB01309	0.38095238095238093
drugbank.DB01307	0.38095238095238093
drugbank.DB01306	0.38095238095238093
drugbank.DB00420	0.38095238095238093
drugbank.DB00571	0.38095238095238093
drugbank.DB00590	0.380449141347424
drugbank.DB11273	0.37994722955145116
drugbank.DB00574	0.37994722955145116
drugbank.DB00397	0.37994722955145116
drugbank.DB00915	0.37894736842105264
drugbank.DB00337	0.37894736842105264
drugbank.DB00543	0.37894736842105264
drugbank.DB09401	0.37844940867279897
drugbank.DB11718	0.37844940867279897
drugbank.DB03017	0.3779527559055118
drugbank.DB01158	0.3779527559055118
drugbank.DB00155	0.3779527559055118
drugbank.DB00518	0.3779527559055118
drugbank.DB01016	0.37745740498034075
drugbank.DB00279	0.3769633507853403
drugbank.DB01133	0.3764705882352941
drugbank.DB00172	0.37597911227154046
drugbank.DB00604	0.37597911227154046
drugbank.DB09068	0.37597911227154046
drugbank.DB00382	0.37597911227154046
drugbank.DB13873	0.37597911227154046
drugbank.DB00472	0.3754889178617992
drugbank.DB11581	0.375
drugbank.DB01427	0.37451235370611186
drugbank.DB00276	0.37451235370611186
drugbank.DB00283	0.37451235370611186
drugbank.DB01367	0.37451235370611186
drugbank.DB01590	0.37402597402597404
drugbank.DB01242	0.37402597402597404
drugbank.DB09098	0.37402597402597404
drugbank.DB01129	0.3735408560311284
drugbank.DB08910	0.37257438551099614
drugbank.DB00125	0.37257438551099614
drugbank.DB06757	0.37257438551099614
drugbank.DB00239	0.37257438551099614
drugbank.DB00721	0.37257438551099614
drugbank.DB00393	0.37257438551099614
drugbank.DB00338	0.37257438551099614
drugbank.DB00368	0.37209302325581395
drugbank.DB08936	0.3716129032258065
drugbank.DB00013	0.3716129032258065
drugbank.DB00412	0.3716129032258065
drugbank.DB00496	0.3716129032258065
drugbank.DB00132	0.37065637065637064
drugbank.DB00213	0.37065637065637064
drugbank.DB00598	0.37065637065637064
drugbank.DB00449	0.37065637065637064
drugbank.DB00960	0.37017994858611825
drugbank.DB12313	0.37017994858611825
drugbank.DB05039	0.36970474967907574
drugbank.DB06262	0.36970474967907574
drugbank.DB06756	0.36923076923076925
drugbank.DB01365	0.36923076923076925
drugbank.DB11278	0.36923076923076925
drugbank.DB11124	0.36923076923076925
drugbank.DB14006	0.3687580025608195
drugbank.DB00159	0.3687580025608195
drugbank.DB06287	0.3687580025608195
drugbank.DB00122	0.3687580025608195
drugbank.DB00489	0.36828644501278773
drugbank.DB01186	0.367816091954023
drugbank.DB08911	0.367816091954023
drugbank.DB05239	0.367816091954023
drugbank.DB00217	0.3673469387755102
drugbank.DB01364	0.3673469387755102
drugbank.DB00360	0.3673469387755102
drugbank.DB00119	0.3668789808917197
drugbank.DB04846	0.366412213740458
drugbank.DB00594	0.366412213740458
drugbank.DB13170	0.36594663278271916
drugbank.DB13152	0.36594663278271916
drugbank.DB00100	0.36594663278271916
drugbank.DB00307	0.36594663278271916
drugbank.DB00908	0.36548223350253806
drugbank.DB01393	0.36548223350253806
drugbank.DB03756	0.3650190114068441
drugbank.DB13346	0.3650190114068441
drugbank.DB00938	0.36455696202531646
drugbank.DB09158	0.3640960809102402
drugbank.DB08904	0.3640960809102402
drugbank.DB00112	0.3640960809102402
drugbank.DB06674	0.3640960809102402
drugbank.DB01233	0.3640960809102402
drugbank.DB00065	0.3640960809102402
drugbank.DB00051	0.3640960809102402
drugbank.DB00602	0.3640960809102402
drugbank.DB00762	0.3640960809102402
drugbank.DB00523	0.3640960809102402
drugbank.DB01199	0.36363636363636365
drugbank.DB14491	0.36363636363636365
drugbank.DB14490	0.36363636363636365
drugbank.DB14489	0.36363636363636365
drugbank.DB14488	0.36363636363636365
drugbank.DB01592	0.36363636363636365
drugbank.DB14501	0.36363636363636365
drugbank.DB01210	0.36363636363636365
drugbank.DB01359	0.36363636363636365
drugbank.DB00353	0.36363636363636365
drugbank.DB00527	0.36363636363636365
drugbank.DB01197	0.36317780580075665
drugbank.DB00335	0.36317780580075665
drugbank.DB00871	0.3622641509433962
drugbank.DB00843	0.3622641509433962
drugbank.DB09351	0.3622641509433962
drugbank.DB01001	0.3622641509433962
drugbank.DB01193	0.3622641509433962
drugbank.DB01102	0.3622641509433962
drugbank.DB04861	0.3622641509433962
drugbank.DB00195	0.3622641509433962
drugbank.DB00264	0.3622641509433962
drugbank.DB00221	0.3622641509433962
drugbank.DB01580	0.3622641509433962
drugbank.DB01274	0.3622641509433962
drugbank.DB01288	0.3622641509433962
drugbank.DB01291	0.3622641509433962
drugbank.DB01203	0.3622641509433962
drugbank.DB01214	0.3622641509433962
drugbank.DB00612	0.3622641509433962
drugbank.DB09082	0.3622641509433962
drugbank.DB09080	0.3622641509433962
drugbank.DB00373	0.3622641509433962
drugbank.DB01718	0.3622641509433962
drugbank.DB00521	0.3622641509433962
drugbank.DB00849	0.36180904522613067
drugbank.DB00056	0.36180904522613067
drugbank.DB00678	0.36180904522613067
drugbank.DB00692	0.36180904522613067
drugbank.DB00384	0.36180904522613067
drugbank.DB00867	0.3613550815558344
drugbank.DB00805	0.3613550815558344
drugbank.DB00935	0.3613550815558344
drugbank.DB00715	0.3613550815558344
drugbank.DB13800	0.3613550815558344
drugbank.DB01035	0.3609022556390977
drugbank.DB01054	0.3609022556390977
drugbank.DB01014	0.3609022556390977
drugbank.DB00599	0.3609022556390977
drugbank.DB00816	0.360450563204005
drugbank.DB11587	0.360450563204005
drugbank.DB13139	0.360450563204005
drugbank.DB06814	0.360450563204005
drugbank.DB01366	0.360450563204005
drugbank.DB00966	0.36
drugbank.DB00909	0.36
drugbank.DB01075	0.36
drugbank.DB00780	0.36
drugbank.DB11672	0.3595505617977528
drugbank.DB09301	0.3595505617977528
drugbank.DB05521	0.3595505617977528
drugbank.DB06695	0.3595505617977528
drugbank.DB09228	0.35910224438902744
drugbank.DB03193	0.35910224438902744
drugbank.DB01113	0.35910224438902744
drugbank.DB01132	0.35910224438902744
drugbank.DB01139	0.35910224438902744
drugbank.DB06404	0.35910224438902744
drugbank.DB00194	0.35910224438902744
drugbank.DB00237	0.3586550435865504
drugbank.DB00241	0.3586550435865504
drugbank.DB00306	0.3586550435865504
drugbank.DB00055	0.3586550435865504
drugbank.DB00794	0.3586550435865504
drugbank.DB00818	0.3582089552238806
drugbank.DB00184	0.3582089552238806
drugbank.DB01176	0.3577639751552795
drugbank.DB00083	0.3577639751552795
drugbank.DB01351	0.3577639751552795
drugbank.DB01353	0.3577639751552795
drugbank.DB06691	0.3573200992555831
drugbank.DB00573	0.3573200992555831
drugbank.DB04898	0.35687732342007433
drugbank.DB01231	0.35687732342007433
drugbank.DB00985	0.3564356435643564
drugbank.DB03796	0.3564356435643564
drugbank.DB01039	0.35599505562422745
drugbank.DB09236	0.35555555555555557
drugbank.DB05260	0.35467980295566504
drugbank.DB11133	0.35467980295566504
drugbank.DB00564	0.35467980295566504
drugbank.DB01114	0.35424354243542433
drugbank.DB06218	0.3538083538083538
drugbank.DB11699	0.35294117647058826
drugbank.DB03128	0.35294117647058826
drugbank.DB13151	0.35294117647058826
drugbank.DB08873	0.35294117647058826
drugbank.DB00572	0.35294117647058826
drugbank.DB00411	0.35294117647058826
drugbank.DB00904	0.3525091799265606
drugbank.DB00912	0.3525091799265606
drugbank.DB01156	0.35207823960880197
drugbank.DB03754	0.35207823960880197
drugbank.DB08889	0.35207823960880197
drugbank.DB00674	0.35207823960880197
drugbank.DB00731	0.35207823960880197
drugbank.DB01067	0.3516483516483517
drugbank.DB00297	0.3516483516483517
drugbank.DB00208	0.35121951219512193
drugbank.DB01241	0.35121951219512193
drugbank.DB01002	0.3507917174177832
drugbank.DB04743	0.3507917174177832
drugbank.DB00677	0.3507917174177832
drugbank.DB09093	0.3507917174177832
drugbank.DB09332	0.35036496350364965
drugbank.DB03088	0.34993924665856624
drugbank.DB04821	0.34993924665856624
drugbank.DB00121	0.34993924665856624
drugbank.DB00759	0.34993924665856624
drugbank.DB00291	0.3490909090909091
drugbank.DB00806	0.3486682808716707
drugbank.DB06372	0.3486682808716707
drugbank.DB00278	0.3486682808716707
drugbank.DB04895	0.3482466747279323
drugbank.DB01577	0.3482466747279323
drugbank.DB00752	0.3482466747279323
drugbank.DB00813	0.34782608695652173
drugbank.DB06779	0.34782608695652173
drugbank.DB00545	0.34782608695652173
drugbank.DB00889	0.3474065138721351
drugbank.DB01091	0.3474065138721351
drugbank.DB01120	0.3474065138721351
drugbank.DB01245	0.3474065138721351
drugbank.DB01698	0.3474065138721351
drugbank.DB00503	0.3474065138721351
drugbank.DB04832	0.3469879518072289
drugbank.DB06155	0.34657039711191334
drugbank.DB08885	0.34657039711191334
drugbank.DB00498	0.34615384615384615
drugbank.DB00812	0.3457382953181273
drugbank.DB01273	0.3457382953181273
drugbank.DB00784	0.3457382953181273
drugbank.DB00981	0.3449101796407186
drugbank.DB00166	0.3449101796407186
drugbank.DB14738	0.3449101796407186
drugbank.DB09109	0.3449101796407186
drugbank.DB00747	0.3449101796407186
drugbank.DB05777	0.3444976076555024
drugbank.DB06168	0.3444976076555024
drugbank.DB06605	0.3444976076555024
drugbank.DB11166	0.3444976076555024
drugbank.DB01123	0.34408602150537637
drugbank.DB00006	0.34408602150537637
drugbank.DB00001	0.34408602150537637
drugbank.DB00657	0.34408602150537637
drugbank.DB00701	0.34408602150537637
drugbank.DB11095	0.34408602150537637
drugbank.DB00042	0.3436754176610978
drugbank.DB00870	0.3432657926102503
drugbank.DB00932	0.3432657926102503
drugbank.DB01144	0.3432657926102503
drugbank.DB00205	0.3432657926102503
drugbank.DB01338	0.3432657926102503
drugbank.DB00704	0.3432657926102503
drugbank.DB00191	0.34285714285714286
drugbank.DB01337	0.34285714285714286
drugbank.DB00376	0.34285714285714286
drugbank.DB00809	0.34244946492271106
drugbank.DB00953	0.342042755344418
drugbank.DB01037	0.342042755344418
drugbank.DB01270	0.342042755344418
drugbank.DB00682	0.3416370106761566
drugbank.DB00483	0.3412322274881517
drugbank.DB01171	0.3404255319148936
drugbank.DB00474	0.3404255319148936
drugbank.DB00553	0.3404255319148936
drugbank.DB01336	0.3400236127508855
drugbank.DB01339	0.33962264150943394
drugbank.DB00857	0.3392226148409894
drugbank.DB01072	0.3392226148409894
drugbank.DB00392	0.3392226148409894
drugbank.DB06742	0.3388235294117647
drugbank.DB01146	0.3376318874560375
drugbank.DB01166	0.3376318874560375
drugbank.DB09552	0.3372365339578454
drugbank.DB00115	0.3372365339578454
drugbank.DB09020	0.3372365339578454
drugbank.DB00583	0.3364485981308411
drugbank.DB01226	0.33605600933488916
drugbank.DB01116	0.3356643356643357
drugbank.DB06800	0.3356643356643357
drugbank.DB01285	0.3356643356643357
drugbank.DB05351	0.3356643356643357
drugbank.DB09352	0.3352735739231665
drugbank.DB04820	0.3352735739231665
drugbank.DB00736	0.3352735739231665
drugbank.DB00428	0.3352735739231665
drugbank.DB01095	0.33488372093023255
drugbank.DB00951	0.3344947735191638
drugbank.DB04840	0.3344947735191638
drugbank.DB00561	0.3344947735191638
drugbank.DB00772	0.33410672853828305
drugbank.DB00863	0.33371958285052145
drugbank.DB00196	0.3333333333333333
drugbank.DB06654	0.3325635103926097
drugbank.DB00585	0.3325635103926097
drugbank.DB00989	0.33217993079584773
drugbank.DB00944	0.33217993079584773
drugbank.DB00941	0.33217993079584773
drugbank.DB01057	0.33217993079584773
drugbank.DB01010	0.33217993079584773
drugbank.DB01400	0.33217993079584773
drugbank.DB00733	0.33217993079584773
drugbank.DB01122	0.33141542002301494
drugbank.DB04864	0.33141542002301494
drugbank.DB13503	0.33141542002301494
drugbank.DB13173	0.3310344827586207
drugbank.DB01216	0.330654420206659
drugbank.DB01168	0.3302752293577982
drugbank.DB01626	0.3302752293577982
drugbank.DB01247	0.3302752293577982
drugbank.DB00601	0.3302752293577982
drugbank.DB09019	0.32801822323462415
drugbank.DB09081	0.32690124858115777
drugbank.DB00582	0.3257918552036199
drugbank.DB00790	0.3246899661781285
drugbank.DB00557	0.32432432432432434
drugbank.DB01426	0.32395950506186727
drugbank.DB09477	0.3203559510567297
drugbank.DB00178	0.3203559510567297
drugbank.DB06729	0.31718061674008813
drugbank.DB01180	0.31475409836065577
drugbank.DB00691	0.31406761177753545
drugbank.DB00550	0.3103448275862069
drugbank.DB00535	0.3057324840764331
drugbank.DB00881	0.301255230125523
drugbank.DB13166	0.301255230125523
drugbank.DB01348	0.301255230125523
drugbank.DB01340	0.301255230125523
drugbank.DB00584	0.301255230125523
drugbank.DB00722	0.301255230125523
drugbank.DB00492	0.301255230125523
drugbank.DB00542	0.301255230125523
drugbank.DB00519	0.301255230125523
drugbank.DB09395	0.0
drugbank.DB03255	0.0
drugbank.DB03247	0.0
drugbank.DB09472	0.0
drugbank.DB04540	0.0
drugbank.DB09481	0.0
drugbank.DB09488	0.0
drugbank.DB03209	0.0
drugbank.DB11793	0.0
drugbank.DB09495	0.0
drugbank.DB04564	0.0
drugbank.DB05889	0.0
drugbank.DB04571	0.0
drugbank.DB11753	0.0
drugbank.DB11750	0.0
drugbank.DB05829	0.0
drugbank.DB09449	0.0
drugbank.DB11767	0.0
drugbank.DB11760	0.0
drugbank.DB09462	0.0
drugbank.DB09460	0.0
drugbank.DB11776	0.0
drugbank.DB05812	0.0
drugbank.DB11714	0.0
drugbank.DB11712	0.0
drugbank.DB09409	0.0
drugbank.DB09422	0.0
drugbank.DB09421	0.0
drugbank.DB09418	0.0
drugbank.DB11738	0.0
drugbank.DB11730	0.0
drugbank.DB14042	0.0
drugbank.DB14041	0.0
drugbank.DB09555	0.0
drugbank.DB14039	0.0
drugbank.DB09568	0.0
drugbank.DB05990	0.0
drugbank.DB09571	0.0
drugbank.DB09570	0.0
drugbank.DB04657	0.0
drugbank.DB11827	0.0
drugbank.DB09517	0.0
drugbank.DB09516	0.0
drugbank.DB11834	0.0
drugbank.DB09532	0.0
drugbank.DB09536	0.0
drugbank.DB09526	0.0
drugbank.DB11842	0.0
drugbank.DB09539	0.0
drugbank.DB11859	0.0
drugbank.DB11855	0.0
drugbank.DB14004	0.0
drugbank.DB09195	0.0
drugbank.DB09154	0.0
drugbank.DB03310	0.0
drugbank.DB09167	0.0
drugbank.DB03312	0.0
drugbank.DB09185	0.0
drugbank.DB11496	0.0
drugbank.DB00899	0.0
drugbank.DB00897	0.0
drugbank.DB00896	0.0
drugbank.DB00895	0.0
drugbank.DB00894	0.0
drugbank.DB00893	0.0
drugbank.DB09238	0.0
drugbank.DB00892	0.0
drugbank.DB12872	0.0
drugbank.DB11560	0.0
drugbank.DB09242	0.0
drugbank.DB11571	0.0
drugbank.DB09257	0.0
drugbank.DB09256	0.0
drugbank.DB09258	0.0
drugbank.DB11569	0.0
drugbank.DB11580	0.0
drugbank.DB09266	0.0
drugbank.DB09265	0.0
drugbank.DB09269	0.0
drugbank.DB11577	0.0
drugbank.DB11572	0.0
drugbank.DB00855	0.0
drugbank.DB00854	0.0
drugbank.DB00851	0.0
drugbank.DB04339	0.0
drugbank.DB00869	0.0
drugbank.DB00868	0.0
drugbank.DB00865	0.0
drugbank.DB00862	0.0
drugbank.DB00861	0.0
drugbank.DB00860	0.0
drugbank.DB09205	0.0
drugbank.DB05679	0.0
drugbank.DB00878	0.0
drugbank.DB00876	0.0
drugbank.DB00875	0.0
drugbank.DB00874	0.0
drugbank.DB00873	0.0
drugbank.DB00872	0.0
drugbank.DB09216	0.0
drugbank.DB09214	0.0
drugbank.DB09209	0.0
drugbank.DB09220	0.0
drugbank.DB00887	0.0
drugbank.DB00884	0.0
drugbank.DB00883	0.0
drugbank.DB00880	0.0
drugbank.DB05630	0.0
drugbank.DB12867	0.0
drugbank.DB12865	0.0
drugbank.DB00814	0.0
drugbank.DB00811	0.0
drugbank.DB00810	0.0
drugbank.DB00819	0.0
drugbank.DB00829	0.0
drugbank.DB00827	0.0
drugbank.DB00825	0.0
drugbank.DB00824	0.0
drugbank.DB00822	0.0
drugbank.DB00821	0.0
drugbank.DB00820	0.0
drugbank.DB00839	0.0
drugbank.DB00838	0.0
drugbank.DB00835	0.0
drugbank.DB00832	0.0
drugbank.DB00830	0.0
drugbank.DB00848	0.0
drugbank.DB00847	0.0
drugbank.DB00846	0.0
drugbank.DB00845	0.0
drugbank.DB00844	0.0
drugbank.DB00842	0.0
drugbank.DB00807	0.0
drugbank.DB00804	0.0
drugbank.DB00802	0.0
drugbank.DB00801	0.0
drugbank.DB00800	0.0
drugbank.DB00808	0.0
drugbank.DB09270	0.0
drugbank.DB11591	0.0
drugbank.DB09272	0.0
drugbank.DB11588	0.0
drugbank.DB11584	0.0
drugbank.DB09282	0.0
drugbank.DB09280	0.0
drugbank.DB11598	0.0
drugbank.DB11595	0.0
drugbank.DB09292	0.0
drugbank.DB09291	0.0
drugbank.DB09353	0.0
drugbank.DB11660	0.0
drugbank.DB11691	0.0
drugbank.DB03085	0.0
drugbank.DB00979	0.0
drugbank.DB00978	0.0
drugbank.DB04465	0.0
drugbank.DB00976	0.0
drugbank.DB00975	0.0
drugbank.DB00974	0.0
drugbank.DB00973	0.0
drugbank.DB09310	0.0
drugbank.DB00972	0.0
drugbank.DB12952	0.0
drugbank.DB00987	0.0
drugbank.DB00986	0.0
drugbank.DB00984	0.0
drugbank.DB09327	0.0
drugbank.DB00980	0.0
drugbank.DB09324	0.0
drugbank.DB11639	0.0
drugbank.DB11635	0.0
drugbank.DB11633	0.0
drugbank.DB11632	0.0
drugbank.DB00999	0.0
drugbank.DB00998	0.0
drugbank.DB09334	0.0
drugbank.DB00996	0.0
drugbank.DB09333	0.0
drugbank.DB00994	0.0
drugbank.DB09331	0.0
drugbank.DB00993	0.0
drugbank.DB00992	0.0
drugbank.DB00991	0.0
drugbank.DB09336	0.0
drugbank.DB00990	0.0
drugbank.DB09329	0.0
drugbank.DB11644	0.0
drugbank.DB11642	0.0
drugbank.DB11640	0.0
drugbank.DB09345	0.0
drugbank.DB09343	0.0
drugbank.DB09342	0.0
drugbank.DB11653	0.0
drugbank.DB00937	0.0
drugbank.DB00936	0.0
drugbank.DB00934	0.0
drugbank.DB00933	0.0
drugbank.DB00949	0.0
drugbank.DB00946	0.0
drugbank.DB00943	0.0
drugbank.DB00942	0.0
drugbank.DB00940	0.0
drugbank.DB00959	0.0
drugbank.DB00956	0.0
drugbank.DB00952	0.0
drugbank.DB00950	0.0
drugbank.DB11606	0.0
drugbank.DB11607	0.0
drugbank.DB11605	0.0
drugbank.DB11601	0.0
drugbank.DB00969	0.0
drugbank.DB00967	0.0
drugbank.DB00964	0.0
drugbank.DB00963	0.0
drugbank.DB09300	0.0
drugbank.DB03175	0.0
drugbank.DB00962	0.0
drugbank.DB00961	0.0
drugbank.DB09303	0.0
drugbank.DB09302	0.0
drugbank.DB11614	0.0
drugbank.DB11611	0.0
drugbank.DB00906	0.0
drugbank.DB00905	0.0
drugbank.DB00903	0.0
drugbank.DB00902	0.0
drugbank.DB00900	0.0
drugbank.DB00907	0.0
drugbank.DB00917	0.0
drugbank.DB00916	0.0
drugbank.DB00914	0.0
drugbank.DB00913	0.0
drugbank.DB00910	0.0
drugbank.DB00918	0.0
drugbank.DB00928	0.0
drugbank.DB00924	0.0
drugbank.DB00922	0.0
drugbank.DB00921	0.0
drugbank.DB00920	0.0
drugbank.DB00929	0.0
drugbank.DB01068	0.0
drugbank.DB01077	0.0
drugbank.DB01073	0.0
drugbank.DB01070	0.0
drugbank.DB01079	0.0
drugbank.DB01078	0.0
drugbank.DB01088	0.0
drugbank.DB01086	0.0
drugbank.DB01085	0.0
drugbank.DB01084	0.0
drugbank.DB01083	0.0
drugbank.DB01082	0.0
drugbank.DB01081	0.0
drugbank.DB01080	0.0
drugbank.DB13074	0.0
drugbank.DB01089	0.0
drugbank.DB01099	0.0
drugbank.DB01098	0.0
drugbank.DB01097	0.0
drugbank.DB01092	0.0
drugbank.DB01090	0.0
drugbank.DB01029	0.0
drugbank.DB01028	0.0
drugbank.DB01026	0.0
drugbank.DB02362	0.0
drugbank.DB01024	0.0
drugbank.DB01033	0.0
drugbank.DB01032	0.0
drugbank.DB01031	0.0
drugbank.DB01030	0.0
drugbank.DB01036	0.0
drugbank.DB01043	0.0
drugbank.DB01047	0.0
drugbank.DB01046	0.0
drugbank.DB01045	0.0
drugbank.DB01053	0.0
drugbank.DB01051	0.0
drugbank.DB01059	0.0
drugbank.DB01058	0.0
drugbank.DB01056	0.0
drugbank.DB01063	0.0
drugbank.DB01062	0.0
drugbank.DB01060	0.0
drugbank.DB06081	0.0
drugbank.DB01009	0.0
drugbank.DB01008	0.0
drugbank.DB01007	0.0
drugbank.DB01006	0.0
drugbank.DB01005	0.0
drugbank.DB01004	0.0
drugbank.DB01003	0.0
drugbank.DB06043	0.0
drugbank.DB01011	0.0
drugbank.DB01019	0.0
drugbank.DB01018	0.0
drugbank.DB01015	0.0
drugbank.DB01013	0.0
drugbank.DB01012	0.0
drugbank.DB01022	0.0
drugbank.DB01021	0.0
drugbank.DB01020	0.0
drugbank.DB06016	0.0
drugbank.DB04932	0.0
drugbank.DB04941	0.0
drugbank.DB04946	0.0
drugbank.DB03615	0.0
drugbank.DB04948	0.0
drugbank.DB03619	0.0
drugbank.DB04951	0.0
drugbank.DB04953	0.0
drugbank.DB02300	0.0
drugbank.DB01189	0.0
drugbank.DB01188	0.0
drugbank.DB01198	0.0
drugbank.DB01195	0.0
drugbank.DB01194	0.0
drugbank.DB01192	0.0
drugbank.DB01191	0.0
drugbank.DB13167	0.0
drugbank.DB14499	0.0
drugbank.DB14498	0.0
drugbank.DB13179	0.0
drugbank.DB13192	0.0
drugbank.DB13133	0.0
drugbank.DB01149	0.0
drugbank.DB01148	0.0
drugbank.DB01145	0.0
drugbank.DB01154	0.0
drugbank.DB01153	0.0
drugbank.DB13125	0.0
drugbank.DB13144	0.0
drugbank.DB01157	0.0
drugbank.DB01165	0.0
drugbank.DB01164	0.0
drugbank.DB01162	0.0
drugbank.DB01161	0.0
drugbank.DB01160	0.0
drugbank.DB13154	0.0
drugbank.DB13155	0.0
drugbank.DB13150	0.0
drugbank.DB01175	0.0
drugbank.DB01170	0.0
drugbank.DB13149	0.0
drugbank.DB11988	0.0
drugbank.DB13146	0.0
drugbank.DB01178	0.0
drugbank.DB01177	0.0
drugbank.DB01181	0.0
drugbank.DB13158	0.0
drugbank.DB01109	0.0
drugbank.DB01107	0.0
drugbank.DB01106	0.0
drugbank.DB01105	0.0
drugbank.DB01104	0.0
drugbank.DB01101	0.0
drugbank.DB11995	0.0
drugbank.DB03766	0.0
drugbank.DB01119	0.0
drugbank.DB01117	0.0
drugbank.DB01112	0.0
drugbank.DB01121	0.0
drugbank.DB01128	0.0
drugbank.DB11945	0.0
drugbank.DB01126	0.0
drugbank.DB01125	0.0
drugbank.DB01124	0.0
drugbank.DB03793	0.0
drugbank.DB01131	0.0
drugbank.DB01130	0.0
drugbank.DB11952	0.0
drugbank.DB01138	0.0
drugbank.DB01137	0.0
drugbank.DB01135	0.0
drugbank.DB01143	0.0
drugbank.DB01142	0.0
drugbank.DB01140	0.0
drugbank.DB13114	0.0
drugbank.DB11978	0.0
drugbank.DB11979	0.0
drugbank.DB11901	0.0
drugbank.DB11915	0.0
drugbank.DB11921	0.0
drugbank.DB08439	0.0
drugbank.DB04794	0.0
drugbank.DB08935	0.0
drugbank.DB08932	0.0
drugbank.DB08943	0.0
drugbank.DB08949	0.0
drugbank.DB08964	0.0
drugbank.DB08954	0.0
drugbank.DB08900	0.0
drugbank.DB08906	0.0
drugbank.DB08905	0.0
drugbank.DB08907	0.0
drugbank.DB08918	0.0
drugbank.DB08931	0.0
drugbank.DB04703	0.0
drugbank.DB05084	0.0
drugbank.DB05099	0.0
drugbank.DB14185	0.0
drugbank.DB06317	0.0
drugbank.DB08976	0.0
drugbank.DB06335	0.0
drugbank.DB08995	0.0
drugbank.DB04896	0.0
drugbank.DB08987	0.0
drugbank.DB04899	0.0
drugbank.DB03585	0.0
drugbank.DB05018	0.0
drugbank.DB06410	0.0
drugbank.DB06403	0.0
drugbank.DB06413	0.0
drugbank.DB06414	0.0
drugbank.DB04854	0.0
drugbank.DB04855	0.0
drugbank.DB04871	0.0
drugbank.DB04865	0.0
drugbank.DB06480	0.0
drugbank.DB04880	0.0
drugbank.DB04876	0.0
drugbank.DB04890	0.0
drugbank.DB06441	0.0
drugbank.DB07776	0.0
drugbank.DB04812	0.0
drugbank.DB04817	0.0
drugbank.DB06439	0.0
drugbank.DB04834	0.0
drugbank.DB04835	0.0
drugbank.DB04838	0.0
drugbank.DB04837	0.0
drugbank.DB04839	0.0
drugbank.DB04843	0.0
drugbank.DB04844	0.0
drugbank.DB04908	0.0
drugbank.DB04920	0.0
drugbank.DB12161	0.0
drugbank.DB00177	0.0
drugbank.DB00176	0.0
drugbank.DB00186	0.0
drugbank.DB00185	0.0
drugbank.DB00183	0.0
drugbank.DB00181	0.0
drugbank.DB00180	0.0
drugbank.DB12159	0.0
drugbank.DB00189	0.0
drugbank.DB00187	0.0
drugbank.DB00193	0.0
drugbank.DB00192	0.0
drugbank.DB06174	0.0
drugbank.DB00199	0.0
drugbank.DB00198	0.0
drugbank.DB06186	0.0
drugbank.DB06196	0.0
drugbank.DB00139	0.0
drugbank.DB00138	0.0
drugbank.DB00136	0.0
drugbank.DB00135	0.0
drugbank.DB00134	0.0
drugbank.DB00133	0.0
drugbank.DB00142	0.0
drugbank.DB00141	0.0
drugbank.DB00140	0.0
drugbank.DB08799	0.0
drugbank.DB06147	0.0
drugbank.DB06148	0.0
drugbank.DB12130	0.0
drugbank.DB00149	0.0
drugbank.DB00148	0.0
drugbank.DB06150	0.0
drugbank.DB00146	0.0
drugbank.DB06154	0.0
drugbank.DB00145	0.0
drugbank.DB06152	0.0
drugbank.DB00143	0.0
drugbank.DB06153	0.0
drugbank.DB00153	0.0
drugbank.DB00151	0.0
drugbank.DB00150	0.0
drugbank.DB12141	0.0
drugbank.DB00158	0.0
drugbank.DB00156	0.0
drugbank.DB00162	0.0
drugbank.DB00161	0.0
drugbank.DB00160	0.0
drugbank.DB00169	0.0
drugbank.DB00167	0.0
drugbank.DB00165	0.0
drugbank.DB00175	0.0
drugbank.DB08820	0.0
drugbank.DB00174	0.0
drugbank.DB00173	0.0
drugbank.DB08813	0.0
drugbank.DB08818	0.0
drugbank.DB08816	0.0
drugbank.DB08815	0.0
drugbank.DB08819	0.0
drugbank.DB12147	0.0
drugbank.DB08822	0.0
drugbank.DB08828	0.0
drugbank.DB08827	0.0
drugbank.DB01424	0.0
drugbank.DB01420	0.0
drugbank.DB14731	0.0
drugbank.DB08801	0.0
drugbank.DB00108	0.0
drugbank.DB00107	0.0
drugbank.DB01438	0.0
drugbank.DB08804	0.0
drugbank.DB00106	0.0
drugbank.DB08809	0.0
drugbank.DB01437	0.0
drugbank.DB00105	0.0
drugbank.DB06282	0.0
drugbank.DB01436	0.0
drugbank.DB06283	0.0
drugbank.DB00104	0.0
drugbank.DB01435	0.0
drugbank.DB06285	0.0
drugbank.DB06288	0.0
drugbank.DB06290	0.0
drugbank.DB06292	0.0
drugbank.DB01430	0.0
drugbank.DB01440	0.0
drugbank.DB06243	0.0
drugbank.DB06237	0.0
drugbank.DB08899	0.0
drugbank.DB00118	0.0
drugbank.DB00117	0.0
drugbank.DB00114	0.0
drugbank.DB00110	0.0
drugbank.DB00120	0.0
drugbank.DB02772	0.0
drugbank.DB06268	0.0
drugbank.DB06267	0.0
drugbank.DB06271	0.0
drugbank.DB06273	0.0
drugbank.DB06274	0.0
drugbank.DB08860	0.0
drugbank.DB14754	0.0
drugbank.DB06203	0.0
drugbank.DB08864	0.0
drugbank.DB06201	0.0
drugbank.DB00129	0.0
drugbank.DB00126	0.0
drugbank.DB08872	0.0
drugbank.DB06210	0.0
drugbank.DB00123	0.0
drugbank.DB06213	0.0
drugbank.DB01452	0.0
drugbank.DB08875	0.0
drugbank.DB00131	0.0
drugbank.DB06212	0.0
drugbank.DB00130	0.0
drugbank.DB08869	0.0
drugbank.DB06207	0.0
drugbank.DB08868	0.0
drugbank.DB02789	0.0
drugbank.DB06204	0.0
drugbank.DB08867	0.0
drugbank.DB06205	0.0
drugbank.DB06209	0.0
drugbank.DB08883	0.0
drugbank.DB08882	0.0
drugbank.DB08880	0.0
drugbank.DB06217	0.0
drugbank.DB14762	0.0
drugbank.DB08879	0.0
drugbank.DB01501	0.0
drugbank.DB08890	0.0
drugbank.DB08894	0.0
drugbank.DB08893	0.0
drugbank.DB06230	0.0
drugbank.DB08897	0.0
drugbank.DB06228	0.0
drugbank.DB06764	0.0
drugbank.DB06754	0.0
drugbank.DB06774	0.0
drugbank.DB06775	0.0
drugbank.DB06773	0.0
drugbank.DB06766	0.0
drugbank.DB13501	0.0
drugbank.DB06781	0.0
drugbank.DB00209	0.0
drugbank.DB06780	0.0
drugbank.DB00207	0.0
drugbank.DB06785	0.0
drugbank.DB00206	0.0
drugbank.DB06786	0.0
drugbank.DB00204	0.0
drugbank.DB00203	0.0
drugbank.DB00202	0.0
drugbank.DB04115	0.0
drugbank.DB00200	0.0
drugbank.DB06777	0.0
drugbank.DB06791	0.0
drugbank.DB06794	0.0
drugbank.DB06795	0.0
drugbank.DB06789	0.0
drugbank.DB06787	0.0
drugbank.DB06788	0.0
drugbank.DB06720	0.0
drugbank.DB06712	0.0
drugbank.DB06713	0.0
drugbank.DB06711	0.0
drugbank.DB06716	0.0
drugbank.DB06714	0.0
drugbank.DB06715	0.0
drugbank.DB06719	0.0
drugbank.DB06725	0.0
drugbank.DB00298	0.0
drugbank.DB12278	0.0
drugbank.DB06752	0.0
drugbank.DB12293	0.0
drugbank.DB06751	0.0
drugbank.DB12240	0.0
drugbank.DB00259	0.0
drugbank.DB01589	0.0
drugbank.DB06701	0.0
drugbank.DB01588	0.0
drugbank.DB06702	0.0
drugbank.DB06700	0.0
drugbank.DB01587	0.0
drugbank.DB06706	0.0
drugbank.DB01586	0.0
drugbank.DB00254	0.0
drugbank.DB00253	0.0
drugbank.DB06709	0.0
drugbank.DB06707	0.0
drugbank.DB00263	0.0
drugbank.DB06708	0.0
drugbank.DB00262	0.0
drugbank.DB00261	0.0
drugbank.DB00260	0.0
drugbank.DB01591	0.0
drugbank.DB00268	0.0
drugbank.DB01599	0.0
drugbank.DB01597	0.0
drugbank.DB01595	0.0
drugbank.DB00273	0.0
drugbank.DB00272	0.0
drugbank.DB00270	0.0
drugbank.DB00277	0.0
drugbank.DB00275	0.0
drugbank.DB00285	0.0
drugbank.DB00284	0.0
drugbank.DB04173	0.0
drugbank.DB00282	0.0
drugbank.DB00280	0.0
drugbank.DB00288	0.0
drugbank.DB00287	0.0
drugbank.DB00296	0.0
drugbank.DB00295	0.0
drugbank.DB00293	0.0
drugbank.DB00292	0.0
drugbank.DB00290	0.0
drugbank.DB00219	0.0
drugbank.DB00218	0.0
drugbank.DB00216	0.0
drugbank.DB00215	0.0
drugbank.DB00214	0.0
drugbank.DB01544	0.0
drugbank.DB00210	0.0
drugbank.DB05578	0.0
drugbank.DB00229	0.0
drugbank.DB00228	0.0
drugbank.DB01559	0.0
drugbank.DB01558	0.0
drugbank.DB00226	0.0
drugbank.DB00224	0.0
drugbank.DB00223	0.0
drugbank.DB00222	0.0
drugbank.DB01551	0.0
drugbank.DB00230	0.0
drugbank.DB05541	0.0
drugbank.DB00235	0.0
drugbank.DB00234	0.0
drugbank.DB00232	0.0
drugbank.DB06802	0.0
drugbank.DB00231	0.0
drugbank.DB06809	0.0
drugbank.DB02893	0.0
drugbank.DB00240	0.0
drugbank.DB06815	0.0
drugbank.DB06813	0.0
drugbank.DB06817	0.0
drugbank.DB06822	0.0
drugbank.DB06824	0.0
drugbank.DB06825	0.0
drugbank.DB00249	0.0
drugbank.DB01579	0.0
drugbank.DB00245	0.0
drugbank.DB01576	0.0
drugbank.DB00243	0.0
drugbank.DB00242	0.0
drugbank.DB00252	0.0
drugbank.DB01583	0.0
drugbank.DB01582	0.0
drugbank.DB00250	0.0
drugbank.DB01628	0.0
drugbank.DB01625	0.0
drugbank.DB01624	0.0
drugbank.DB01623	0.0
drugbank.DB01621	0.0
drugbank.DB01620	0.0
drugbank.DB02959	0.0
drugbank.DB00309	0.0
drugbank.DB00308	0.0
drugbank.DB00305	0.0
drugbank.DB00302	0.0
drugbank.DB00301	0.0
drugbank.DB01632	0.0
drugbank.DB05219	0.0
drugbank.DB13615	0.0
drugbank.DB00318	0.0
drugbank.DB00316	0.0
drugbank.DB00315	0.0
drugbank.DB00310	0.0
drugbank.DB05271	0.0
drugbank.DB05299	0.0
drugbank.DB00327	0.0
drugbank.DB00325	0.0
drugbank.DB01656	0.0
drugbank.DB00324	0.0
drugbank.DB00323	0.0
drugbank.DB00322	0.0
drugbank.DB00321	0.0
drugbank.DB00320	0.0
drugbank.DB05246	0.0
drugbank.DB05245	0.0
drugbank.DB06594	0.0
drugbank.DB06643	0.0
drugbank.DB05311	0.0
drugbank.DB02925	0.0
drugbank.DB01608	0.0
drugbank.DB06637	0.0
drugbank.DB06650	0.0
drugbank.DB01601	0.0
drugbank.DB01600	0.0
drugbank.DB05316	0.0
drugbank.DB01619	0.0
drugbank.DB01618	0.0
drugbank.DB01616	0.0
drugbank.DB01613	0.0
drugbank.DB01612	0.0
drugbank.DB01611	0.0
drugbank.DB05332	0.0
drugbank.DB06663	0.0
drugbank.DB06655	0.0
drugbank.DB01275	0.0
drugbank.DB06602	0.0
drugbank.DB01272	0.0
drugbank.DB01271	0.0
drugbank.DB06607	0.0
drugbank.DB14575	0.0
drugbank.DB14596	0.0
drugbank.DB06612	0.0
drugbank.DB01279	0.0
drugbank.DB01278	0.0
drugbank.DB01276	0.0
drugbank.DB01284	0.0
drugbank.DB01283	0.0
drugbank.DB01282	0.0
drugbank.DB01281	0.0
drugbank.DB01280	0.0
drugbank.DB01297	0.0
drugbank.DB01294	0.0
drugbank.DB13269	0.0
drugbank.DB14597	0.0
drugbank.DB14541	0.0
drugbank.DB14540	0.0
drugbank.DB01228	0.0
drugbank.DB01227	0.0
drugbank.DB01225	0.0
drugbank.DB01223	0.0
drugbank.DB01222	0.0
drugbank.DB01230	0.0
drugbank.DB14539	0.0
drugbank.DB06681	0.0
drugbank.DB06684	0.0
drugbank.DB13200	0.0
drugbank.DB01239	0.0
drugbank.DB01237	0.0
drugbank.DB01236	0.0
drugbank.DB01235	0.0
drugbank.DB06694	0.0
drugbank.DB01234	0.0
drugbank.DB01232	0.0
drugbank.DB06692	0.0
drugbank.DB06698	0.0
drugbank.DB01240	0.0
drugbank.DB06688	0.0
drugbank.DB06689	0.0
drugbank.DB14544	0.0
drugbank.DB14543	0.0
drugbank.DB14542	0.0
drugbank.DB06699	0.0
drugbank.DB05381	0.0
drugbank.DB14562	0.0
drugbank.DB05382	0.0
drugbank.DB01246	0.0
drugbank.DB05389	0.0
drugbank.DB01243	0.0
drugbank.DB01253	0.0
drugbank.DB01251	0.0
drugbank.DB01250	0.0
drugbank.DB01257	0.0
drugbank.DB01255	0.0
drugbank.DB01263	0.0
drugbank.DB01262	0.0
drugbank.DB01261	0.0
drugbank.DB01260	0.0
drugbank.DB14568	0.0
drugbank.DB02513	0.0
drugbank.DB01209	0.0
drugbank.DB01208	0.0
drugbank.DB01206	0.0
drugbank.DB01205	0.0
drugbank.DB01202	0.0
drugbank.DB02530	0.0
drugbank.DB14512	0.0
drugbank.DB14530	0.0
drugbank.DB01219	0.0
drugbank.DB01218	0.0
drugbank.DB01217	0.0
drugbank.DB01215	0.0
drugbank.DB01213	0.0
drugbank.DB01212	0.0
drugbank.DB01211	0.0
drugbank.DB01220	0.0
drugbank.DB14529	0.0
drugbank.DB14528	0.0
drugbank.DB14527	0.0
drugbank.DB14520	0.0
drugbank.DB03929	0.0
drugbank.DB00099	0.0
drugbank.DB12095	0.0
drugbank.DB00058	0.0
drugbank.DB01396	0.0
drugbank.DB01395	0.0
drugbank.DB00063	0.0
drugbank.DB00060	0.0
drugbank.DB00069	0.0
drugbank.DB00068	0.0
drugbank.DB01399	0.0
drugbank.DB00067	0.0
drugbank.DB00066	0.0
drugbank.DB00075	0.0
drugbank.DB00074	0.0
drugbank.DB00073	0.0
drugbank.DB00070	0.0
drugbank.DB00078	0.0
drugbank.DB00087	0.0
drugbank.DB00086	0.0
drugbank.DB00082	0.0
drugbank.DB00081	0.0
drugbank.DB00089	0.0
drugbank.DB00098	0.0
drugbank.DB00097	0.0
drugbank.DB00095	0.0
drugbank.DB00094	0.0
drugbank.DB00092	0.0
drugbank.DB00091	0.0
drugbank.DB00019	0.0
drugbank.DB00018	0.0
drugbank.DB00017	0.0
drugbank.DB00016	0.0
drugbank.DB00015	0.0
drugbank.DB01346	0.0
drugbank.DB00014	0.0
drugbank.DB01345	0.0
drugbank.DB00012	0.0
drugbank.DB00011	0.0
drugbank.DB00020	0.0
drugbank.DB00029	0.0
drugbank.DB00028	0.0
drugbank.DB00026	0.0
drugbank.DB00024	0.0
drugbank.DB00022	0.0
drugbank.DB00032	0.0
drugbank.DB00031	0.0
drugbank.DB12001	0.0
drugbank.DB00039	0.0
drugbank.DB00038	0.0
drugbank.DB00036	0.0
drugbank.DB00035	0.0
drugbank.DB00034	0.0
drugbank.DB00033	0.0
drugbank.DB00043	0.0
drugbank.DB00041	0.0
drugbank.DB00040	0.0
drugbank.DB12015	0.0
drugbank.DB00048	0.0
drugbank.DB01378	0.0
drugbank.DB00045	0.0
drugbank.DB00044	0.0
drugbank.DB00054	0.0
drugbank.DB00052	0.0
drugbank.DB01382	0.0
drugbank.DB00050	0.0
drugbank.DB01381	0.0
drugbank.DB01380	0.0
drugbank.DB12023	0.0
drugbank.DB01303	0.0
drugbank.DB02638	0.0
drugbank.DB01328	0.0
drugbank.DB01327	0.0
drugbank.DB01326	0.0
drugbank.DB01325	0.0
drugbank.DB01324	0.0
drugbank.DB01320	0.0
drugbank.DB01330	0.0
drugbank.DB02659	0.0
drugbank.DB00009	0.0
drugbank.DB00008	0.0
drugbank.DB00007	0.0
drugbank.DB00004	0.0
drugbank.DB01333	0.0
drugbank.DB00010	0.0
drugbank.DB14642	0.0
drugbank.DB14707	0.0
drugbank.DB14700	0.0
drugbank.DB01409	0.0
drugbank.DB01404	0.0
drugbank.DB01403	0.0
drugbank.DB01401	0.0
drugbank.DB01419	0.0
drugbank.DB01418	0.0
drugbank.DB01410	0.0
drugbank.DB14724	0.0
drugbank.DB14723	0.0
drugbank.DB02701	0.0
drugbank.DB02703	0.0
drugbank.DB11274	0.0
drugbank.DB11275	0.0
drugbank.DB11294	0.0
drugbank.DB00579	0.0
drugbank.DB00578	0.0
drugbank.DB00575	0.0
drugbank.DB00580	0.0
drugbank.DB11221	0.0
drugbank.DB13884	0.0
drugbank.DB11222	0.0
drugbank.DB00588	0.0
drugbank.DB00593	0.0
drugbank.DB00592	0.0
drugbank.DB00591	0.0
drugbank.DB11235	0.0
drugbank.DB13893	0.0
drugbank.DB13894	0.0
drugbank.DB00596	0.0
drugbank.DB11254	0.0
drugbank.DB11256	0.0
drugbank.DB00659	0.0
drugbank.DB00656	0.0
drugbank.DB00654	0.0
drugbank.DB00653	0.0
drugbank.DB00652	0.0
drugbank.DB00651	0.0
drugbank.DB00650	0.0
drugbank.DB13967	0.0
drugbank.DB11300	0.0
drugbank.DB00669	0.0
drugbank.DB00666	0.0
drugbank.DB00665	0.0
drugbank.DB00663	0.0
drugbank.DB00661	0.0
drugbank.DB00670	0.0
drugbank.DB11315	0.0
drugbank.DB11311	0.0
drugbank.DB00673	0.0
drugbank.DB00672	0.0
drugbank.DB00671	0.0
drugbank.DB09016	0.0
drugbank.DB00680	0.0
drugbank.DB09009	0.0
drugbank.DB11328	0.0
drugbank.DB11327	0.0
drugbank.DB11323	0.0
drugbank.DB13985	0.0
drugbank.DB09026	0.0
drugbank.DB00688	0.0
drugbank.DB00687	0.0
drugbank.DB00686	0.0
drugbank.DB00685	0.0
drugbank.DB09029	0.0
drugbank.DB00683	0.0
drugbank.DB00690	0.0
drugbank.DB11338	0.0
drugbank.DB13996	0.0
drugbank.DB13995	0.0
drugbank.DB00618	0.0
drugbank.DB00617	0.0
drugbank.DB00613	0.0
drugbank.DB00611	0.0
drugbank.DB00610	0.0
drugbank.DB13928	0.0
drugbank.DB13925	0.0
drugbank.DB13926	0.0
drugbank.DB13923	0.0
drugbank.DB00629	0.0
drugbank.DB00628	0.0
drugbank.DB00627	0.0
drugbank.DB00625	0.0
drugbank.DB01956	0.0
drugbank.DB00621	0.0
drugbank.DB00620	0.0
drugbank.DB13932	0.0
drugbank.DB13933	0.0
drugbank.DB13931	0.0
drugbank.DB00636	0.0
drugbank.DB00635	0.0
drugbank.DB00634	0.0
drugbank.DB00633	0.0
drugbank.DB00631	0.0
drugbank.DB00630	0.0
drugbank.DB13949	0.0
drugbank.DB00647	0.0
drugbank.DB00645	0.0
drugbank.DB00644	0.0
drugbank.DB00642	0.0
drugbank.DB00641	0.0
drugbank.DB00606	0.0
drugbank.DB00605	0.0
drugbank.DB00600	0.0
drugbank.DB13915	0.0
drugbank.DB09073	0.0
drugbank.DB09072	0.0
drugbank.DB09071	0.0
drugbank.DB09076	0.0
drugbank.DB09075	0.0
drugbank.DB09074	0.0
drugbank.DB11386	0.0
drugbank.DB09084	0.0
drugbank.DB09083	0.0
drugbank.DB09085	0.0
drugbank.DB09089	0.0
drugbank.DB09095	0.0
drugbank.DB09099	0.0
drugbank.DB09097	0.0
drugbank.DB09091	0.0
drugbank.DB09090	0.0
drugbank.DB09033	0.0
drugbank.DB09030	0.0
drugbank.DB09037	0.0
drugbank.DB00699	0.0
drugbank.DB09036	0.0
drugbank.DB00698	0.0
drugbank.DB09035	0.0
drugbank.DB00697	0.0
drugbank.DB09034	0.0
drugbank.DB00695	0.0
drugbank.DB00694	0.0
drugbank.DB09039	0.0
drugbank.DB00693	0.0
drugbank.DB09038	0.0
drugbank.DB11362	0.0
drugbank.DB09043	0.0
drugbank.DB09048	0.0
drugbank.DB09047	0.0
drugbank.DB09046	0.0
drugbank.DB09045	0.0
drugbank.DB09049	0.0
drugbank.DB11359	0.0
drugbank.DB12688	0.0
drugbank.DB09055	0.0
drugbank.DB09052	0.0
drugbank.DB09059	0.0
drugbank.DB12698	0.0
drugbank.DB11363	0.0
drugbank.DB09066	0.0
drugbank.DB09065	0.0
drugbank.DB09064	0.0
drugbank.DB09069	0.0
drugbank.DB09067	0.0
drugbank.DB00779	0.0
drugbank.DB00778	0.0
drugbank.DB00777	0.0
drugbank.DB00776	0.0
drugbank.DB00775	0.0
drugbank.DB09112	0.0
drugbank.DB00774	0.0
drugbank.DB00773	0.0
drugbank.DB09118	0.0
drugbank.DB00771	0.0
drugbank.DB09116	0.0
drugbank.DB00770	0.0
drugbank.DB09108	0.0
drugbank.DB09121	0.0
drugbank.DB09120	0.0
drugbank.DB00789	0.0
drugbank.DB00788	0.0
drugbank.DB09124	0.0
drugbank.DB09123	0.0
drugbank.DB00785	0.0
drugbank.DB09122	0.0
drugbank.DB00782	0.0
drugbank.DB09126	0.0
drugbank.DB09119	0.0
drugbank.DB09131	0.0
drugbank.DB00799	0.0
drugbank.DB00798	0.0
drugbank.DB00797	0.0
drugbank.DB00796	0.0
drugbank.DB00793	0.0
drugbank.DB00792	0.0
drugbank.DB09143	0.0
drugbank.DB09142	0.0
drugbank.DB09141	0.0
drugbank.DB09140	0.0
drugbank.DB09146	0.0
drugbank.DB12789	0.0
drugbank.DB12783	0.0
drugbank.DB00738	0.0
drugbank.DB00737	0.0
drugbank.DB00735	0.0
drugbank.DB00732	0.0
drugbank.DB00730	0.0
drugbank.DB00749	0.0
drugbank.DB00748	0.0
drugbank.DB00745	0.0
drugbank.DB00744	0.0
drugbank.DB00741	0.0
drugbank.DB00740	0.0
drugbank.DB00758	0.0
drugbank.DB00757	0.0
drugbank.DB00754	0.0
drugbank.DB00751	0.0
drugbank.DB00750	0.0
drugbank.DB00769	0.0
drugbank.DB00768	0.0
drugbank.DB09103	0.0
drugbank.DB00765	0.0
drugbank.DB09102	0.0
drugbank.DB00764	0.0
drugbank.DB00763	0.0
drugbank.DB09107	0.0
drugbank.DB00761	0.0
drugbank.DB09105	0.0
drugbank.DB00708	0.0
drugbank.DB00707	0.0
drugbank.DB00706	0.0
drugbank.DB00705	0.0
drugbank.DB00703	0.0
drugbank.DB00700	0.0
drugbank.DB00709	0.0
drugbank.DB00719	0.0
drugbank.DB00718	0.0
drugbank.DB00714	0.0
drugbank.DB00713	0.0
drugbank.DB00712	0.0
drugbank.DB00711	0.0
drugbank.DB00710	0.0
drugbank.DB00728	0.0
drugbank.DB00727	0.0
drugbank.DB00725	0.0
drugbank.DB00724	0.0
drugbank.DB00723	0.0
drugbank.DB11073	0.0
drugbank.DB11075	0.0
drugbank.DB11071	0.0
drugbank.DB11085	0.0
drugbank.DB11087	0.0
drugbank.DB11081	0.0
drugbank.DB11077	0.0
drugbank.DB11079	0.0
drugbank.DB11094	0.0
drugbank.DB11090	0.0
drugbank.DB00379	0.0
drugbank.DB00378	0.0
drugbank.DB00377	0.0
drugbank.DB00374	0.0
drugbank.DB00383	0.0
drugbank.DB00381	0.0
drugbank.DB00380	0.0
drugbank.DB12371	0.0
drugbank.DB00389	0.0
drugbank.DB00388	0.0
drugbank.DB00387	0.0
drugbank.DB00385	0.0
drugbank.DB00395	0.0
drugbank.DB00394	0.0
drugbank.DB00391	0.0
drugbank.DB00390	0.0
drugbank.DB12364	0.0
drugbank.DB00399	0.0
drugbank.DB11059	0.0
drugbank.DB00339	0.0
drugbank.DB00336	0.0
drugbank.DB00333	0.0
drugbank.DB00332	0.0
drugbank.DB00331	0.0
drugbank.DB00330	0.0
drugbank.DB00340	0.0
drugbank.DB00349	0.0
drugbank.DB00348	0.0
drugbank.DB00347	0.0
drugbank.DB00346	0.0
drugbank.DB00345	0.0
drugbank.DB00344	0.0
drugbank.DB00343	0.0
drugbank.DB00341	0.0
drugbank.DB00350	0.0
drugbank.DB12328	0.0
drugbank.DB00359	0.0
drugbank.DB00358	0.0
drugbank.DB00357	0.0
drugbank.DB00354	0.0
drugbank.DB00352	0.0
drugbank.DB12332	0.0
drugbank.DB00366	0.0
drugbank.DB00365	0.0
drugbank.DB00364	0.0
drugbank.DB00372	0.0
drugbank.DB00371	0.0
drugbank.DB00370	0.0
drugbank.DB00419	0.0
drugbank.DB00417	0.0
drugbank.DB00416	0.0
drugbank.DB00415	0.0
drugbank.DB00414	0.0
drugbank.DB00413	0.0
drugbank.DB01744	0.0
drugbank.DB00410	0.0
drugbank.DB13720	0.0
drugbank.DB00429	0.0
drugbank.DB00427	0.0
drugbank.DB00425	0.0
drugbank.DB00424	0.0
drugbank.DB00423	0.0
drugbank.DB00422	0.0
drugbank.DB00421	0.0
drugbank.DB12401	0.0
drugbank.DB00439	0.0
drugbank.DB00437	0.0
drugbank.DB00436	0.0
drugbank.DB00435	0.0
drugbank.DB00432	0.0
drugbank.DB13746	0.0
drugbank.DB00446	0.0
drugbank.DB00444	0.0
drugbank.DB00443	0.0
drugbank.DB00441	0.0
drugbank.DB00440	0.0
drugbank.DB00450	0.0
drugbank.DB00409	0.0
drugbank.DB00408	0.0
drugbank.DB00407	0.0
drugbank.DB00405	0.0
drugbank.DB00404	0.0
drugbank.DB00403	0.0
drugbank.DB00402	0.0
drugbank.DB00401	0.0
drugbank.DB00400	0.0
drugbank.DB11193	0.0
drugbank.DB12483	0.0
drugbank.DB00499	0.0
drugbank.DB00497	0.0
drugbank.DB00495	0.0
drugbank.DB11148	0.0
drugbank.DB11145	0.0
drugbank.DB11160	0.0
drugbank.DB11155	0.0
drugbank.DB11157	0.0
drugbank.DB11156	0.0
drugbank.DB12498	0.0
drugbank.DB11186	0.0
drugbank.DB11182	0.0
drugbank.DB11181	0.0
drugbank.DB00459	0.0
drugbank.DB00457	0.0
drugbank.DB00456	0.0
drugbank.DB00455	0.0
drugbank.DB00454	0.0
drugbank.DB00452	0.0
drugbank.DB00451	0.0
drugbank.DB00461	0.0
drugbank.DB00469	0.0
drugbank.DB00468	0.0
drugbank.DB00467	0.0
drugbank.DB00465	0.0
drugbank.DB00464	0.0
drugbank.DB00462	0.0
drugbank.DB00470	0.0
drugbank.DB11113	0.0
drugbank.DB11131	0.0
drugbank.DB11130	0.0
drugbank.DB00478	0.0
drugbank.DB00476	0.0
drugbank.DB00475	0.0
drugbank.DB00473	0.0
drugbank.DB11121	0.0
drugbank.DB13783	0.0
drugbank.DB00488	0.0
drugbank.DB00487	0.0
drugbank.DB00486	0.0
drugbank.DB00485	0.0
drugbank.DB00484	0.0
drugbank.DB00494	0.0
drugbank.DB00493	0.0
drugbank.DB00491	0.0
drugbank.DB00490	0.0
drugbank.DB11136	0.0
drugbank.DB11132	0.0
drugbank.DB00537	0.0
drugbank.DB00536	0.0
drugbank.DB00534	0.0
drugbank.DB00533	0.0
drugbank.DB00532	0.0
drugbank.DB00531	0.0
drugbank.DB00548	0.0
drugbank.DB00547	0.0
drugbank.DB00544	0.0
drugbank.DB00559	0.0
drugbank.DB00558	0.0
drugbank.DB00555	0.0
drugbank.DB00554	0.0
drugbank.DB00552	0.0
drugbank.DB00551	0.0
drugbank.DB13867	0.0
drugbank.DB12532	0.0
drugbank.DB11201	0.0
drugbank.DB13881	0.0
drugbank.DB00569	0.0
drugbank.DB00568	0.0
drugbank.DB00567	0.0
drugbank.DB00565	0.0
drugbank.DB00563	0.0
drugbank.DB00562	0.0
drugbank.DB11217	0.0
drugbank.DB13874	0.0
drugbank.DB13872	0.0
drugbank.DB00509	0.0
drugbank.DB00508	0.0
drugbank.DB01839	0.0
drugbank.DB00507	0.0
drugbank.DB00504	0.0
drugbank.DB00501	0.0
drugbank.DB00500	0.0
drugbank.DB00517	0.0
drugbank.DB00513	0.0
drugbank.DB00512	0.0
drugbank.DB00511	0.0
drugbank.DB00528	0.0
drugbank.DB00525	0.0
drugbank.DB00524	0.0
